Company ID number,DMX_ISSUER_NAME,DMX_ISSUER_ID,Country of Classification
1,"AECC AERO-ENGINE CONTROL CO.,LTD.",IID000000002131863,CHINA
2,"AECC AVIATION POWER CO,LTD",IID000000002161862,CHINA
3,"AVIC Aircraft Co., Ltd.",IID000000002189908,CHINA
4,"AVIC Electromechanical Systems Co., Ltd.",IID000000002131928,CHINA
5,AVIC SHENYANG AIRCRAFT COMPANY LIMITED,IID000000002151762,CHINA
6,AviChina Industry & Technology Company Limited,IID000000002140985,CHINA
7,AVICOPTER PLC,IID000000002168811,CHINA
8,"China Aerospace Times Electronics Co., Ltd.",IID000000002151645,CHINA
9,"CHINA AVIONICS SYSTEMS CO., LTD.",IID000000002132909,CHINA
10,"China Spacesat Co., Ltd.",IID000000002161879,CHINA
11,Kerry Logistics Network Ltd,IID000000002681731,HONG KONG
12,"S.F. Holding Co., Ltd.",IID000000002575378,CHINA
13,SINOTRANS LIMITED,IID000000002183919,CHINA
14,"Transfar Zhilian Co., Ltd.",IID000000002190440,CHINA
15,"YUNDA Holding CO., Ltd.",IID000000002131965,CHINA
16,ZTO Express (Cayman) Inc,IID000000002776067,CHINA
17,Air China Limited,IID000000002148908,CHINA
18,Cathay Pacific Airways Limited,IID000000002133082,HONG KONG
19,China Eastern Airlines Corporation Limited,IID000000002124846,CHINA
20,China Southern Airlines Company Limited,IID000000002161878,CHINA
21,"JUNEYAO AIRLINES Co., Ltd.",IID000000002732910,CHINA
22,"Shandong Airlines Co., Ltd.",IID000000002183290,CHINA
23,"Spring Airlines Co., Ltd.",IID000000002718252,CHINA
24,"ANXIN TRUST CO.,LTD",IID000000002157551,CHINA
25,"CHINA CINDA ASSET MANAGEMENT CO., LTD.",IID000000002261779,CHINA
26,CHINA DING YI FENG HOLDINGS LIMITED,IID000000002130192,CHINA
27,"China Huarong Asset Management Co., Ltd.",IID000000002394761,CHINA
28,NOAH HOLDINGS LIMITED,IID000000002603938,CHINA
29,OP Financial Ltd,IID000000002178208,HONG KONG
30,Value Partners Group Ltd,IID000000002188547,HONG KONG
31,"Anhui Zhongding Sealing Parts Co., Ltd.",IID000000002157478,CHINA
32,Changzhou Xingyu Automotive Lighting Systems Co Ltd,IID000000002609893,CHINA
33,CHAOWEI POWER HOLDINGS LIMITED,IID000000002594698,CHINA
34,CHINA FIRST CAPITAL GROUP LIMITED,IID000000002632021,CHINA
35,"China Shipbuilding Industry Group Power Co., Ltd.",IID000000002133670,CHINA
36,"FUYAO GLASS INDUSTRY GROUP CO.,LTD.",IID000000002134669,CHINA
37,HUAYU Automotive Systems Company Limited,IID000000002143171,CHINA
38,Launch Tech Company Limited,IID000000002141584,CHINA
39,MINTH GROUP LIMITED,IID000000002175779,HONG KONG
40,NEXTEER AUTOMOTIVE GROUP LIMITED,IID000000002670181,CHINA
41,NINGBO JOYSON ELECTRONIC CORP.,IID000000002143157,CHINA
42,"SHANDONG LINGLONG TYRE CO., LTD.",IID000000002767946,CHINA
43,TIANNENG POWER INTERNATIONAL LIMITED,IID000000002186861,CHINA
44,"WANXIANG QIANCHAO CO., LTD.",IID000000002140096,CHINA
45,"Weifu High-technology Group Co., Ltd.",IID000000002189393,CHINA
46,XINGDA INTERNATIONAL HOLDINGS LIMITED,IID000000002140937,CHINA
47,XINYI GLASS HOLDINGS LIMITED,IID000000002140795,HONG KONG
48,"Zhejiang Wanfeng Auto Wheel Co., Ltd.",IID000000002140098,CHINA
49,BAIC MOTOR Corporation Limited,IID000000002638949,CHINA
50,BRILLIANCE CHINA AUTOMOTIVE HOLDINGS LIMITED,IID000000002160148,CHINA
51,BYD COMPANY LIMITED,IID000000002158849,CHINA
52,"Chongqing Changan Automobile Co., Ltd.",IID000000002142017,CHINA
53,DONGFENG MOTOR GROUP COMPANY LIMITED,IID000000002140649,CHINA
54,GEELY AUTOMOBILE HOLDINGS LIMITED,IID000000002140275,CHINA
55,Great Wall Motor Company Limited,IID000000002140939,CHINA
56,"Guangzhou Automobile Group Co., Ltd",IID000000002264375,CHINA
57,NIO INC.,IID000000002916032,CHINA
58,Qingling Motors Co Ltd,IID000000002801041,CHINA
59,SAIC Motor Corporation Limited,IID000000002154635,CHINA
60,Yadea Group Holdings Ltd,IID000000002764445,CHINA
61,AGRICULTURAL BANK OF CHINA LIMITED,IID000000002676689,CHINA
62,"Bank of Beijing Co., Ltd.",IID000000002159116,CHINA
63,"BANK OF CHENGDU CO., LTD.",IID000000002263151,CHINA
64,BANK OF CHINA LIMITED,IID000000002141105,CHINA
65,"Bank of Communications Co., Ltd.",IID000000002133612,CHINA
66,"Bank of Guiyang Co., Ltd.",IID000000002261199,CHINA
67,"BANK OF HANGZHOU CO., LTD.",IID000000002261753,CHINA
68,"Bank of Jiangsu Co., Ltd.",IID000000002271942,CHINA
69,"BANK OF NANJING CO., LTD.",IID000000002159087,CHINA
70,"Bank of Ningbo Co., Ltd",IID000000002159133,CHINA
71,"Bank of Shanghai Co., Ltd.",IID000000002262238,CHINA
72,BOC HONG KONG (HOLDINGS) LIMITED,IID000000002140989,HONG KONG
73,CHINA CITIC BANK CORPORATION LIMITED,IID000000002124373,CHINA
74,CHINA CONSTRUCTION BANK CORPORATION,IID000000002161748,CHINA
75,CHINA EVERBRIGHT BANK COMPANY LIMITED,IID000000002246643,CHINA
76,"China Merchants Bank Co., Ltd.",IID000000002161826,CHINA
77,"CHINA MINSHENG BANKING CORP., LTD.",IID000000002133861,CHINA
78,Chong Hing Bank Limited,IID000000002161955,HONG KONG
79,"Chongqing Rural Commercial Bank Co., Ltd.",IID000000002391602,CHINA
80,DAH SING BANKING GROUP LIMITED,IID000000002149389,HONG KONG
81,DAH SING FINANCIAL HOLDINGS LIMITED,IID000000002163550,HONG KONG
82,"HANG SENG BANK, LIMITED",IID000000002168904,HONG KONG
83,"HUA XIA BANK CO., Limited",IID000000002143108,CHINA
84,INDUSTRIAL AND COMMERCIAL BANK OF CHINA LIMITED,IID000000002243793,CHINA
85,"INDUSTRIAL BANK CO.,LTD.",IID000000002126716,CHINA
86,"Jiangxi Bank Co., Ltd.",IID000000002267383,CHINA
87,"Ping An Bank Co., Ltd.",IID000000002138738,CHINA
88,"POSTAL SAVINGS BANK OF CHINA CO., LTD.",IID000000002276400,CHINA
89,"SHANGHAI PUDONG DEVELOPMENT BANK CO., LTD.",IID000000002146650,CHINA
90,"The Bank of East Asia, Limited",IID000000002159119,HONG KONG
91,ANHUI GUJING DISTILLERY COMPANY LIMITED,IID000000002157468,CHINA
92,Anhui Kouzi Distillery Co Ltd,IID000000002735234,CHINA
93,"BEIJING SHUNXIN AGRICULTURE CO.,LTD",IID000000002159382,CHINA
94,"Beijing Yanjing Brewery Co., Ltd.",IID000000002150013,CHINA
95,China Resources Beer (Holdings) Company Limited,IID000000002141280,CHINA
96,Jiangsu King's Luck Brewery Joint-Stock Co Ltd,IID000000002703269,CHINA
97,"Jiangsu Yanghe Brewery Joint-stock Co., Ltd.",IID000000002569362,CHINA
98,"Kweichow Moutai Co., Ltd.",IID000000002173216,CHINA
99,"Luzhou Laojiao CO.,LTD",IID000000002174178,CHINA
100,"SHANXI XINGHUACUN FEN WINE FACTORY CO., LTD.",IID000000002134999,CHINA
101,"Sichuan Swellfun Co., Ltd.",IID000000002151673,CHINA
102,TIBET WATER RESOURCES LTD.,IID000000002622264,CHINA
103,Tsingtao Brewery Company Limited,IID000000002187534,CHINA
104,UNI-PRESIDENT CHINA HOLDINGS LTD.,IID000000002187929,CHINA
105,"Wuliangye Yibin Co., Ltd.",IID000000002189833,CHINA
106,Yantai Changyu Pioneer Wine Company Limited,IID000000002139654,CHINA
107,3SBIO INC.,IID000000002199174,CHINA
108,Ascletis Pharma Inc,IID000000002863600,CHINA
109,Beigene Ltd,IID000000002746567,HONG KONG
110,"Beijing SL Pharmaceutical Co., Ltd.",IID000000002148569,CHINA
111,Beijing Tiantan Biological Products Corporation Limited,IID000000002159383,CHINA
112,BGI Genomics Co Ltd,IID000000002812293,CHINA
113,Chongqing Zhifei Biological Products Co Ltd,IID000000002599383,CHINA
114,Essex Bio-Technology Ltd,IID000000002142634,CHINA
115,"HUALAN BIOLOGICAL ENGINEERING, INC.",IID000000002169675,CHINA
116,"JINYU BIO-TECHNOLOGY CO.,LTD.",IID000000002155025,CHINA
117,Shanghai Haohai Biological Technology Co Ltd,IID000000002729602,CHINA
118,"Shenzhen Kangtai Biological Products Co.,Ltd.",IID000000002796560,CHINA
119,"Walvax Biotechnology Co., Ltd.",IID000000002603059,CHINA
120,Zai Lab Ltd,IID000000002818050,CHINA
121,Beijing New Building Materials Public Limited Company,IID000000002159380,CHINA
122,"China Fangda Group Co., Ltd.",IID000000002125523,CHINA
123,"Zhejiang Weixing New Building Materials Co., Ltd.",IID000000002586252,CHINA
124,500.COM LIMITED,IID000000002679386,CHINA
125,Galaxy Entertainment Group Limited,IID000000002148737,HONG KONG
126,MACAU LEGEND DEVELOPMENT LIMITED,IID000000002670806,HONG KONG
127,MELCO INTERNATIONAL DEVELOPMENT LIMITED,IID000000002175299,HONG KONG
128,MELCO RESORTS & ENTERTAINMENT LIMITED,IID000000002201700,HONG KONG
129,MGM China Holdings Limited,IID000000002620106,HONG KONG
130,NAGACORP LTD.,IID000000002176664,HONG KONG
131,Sands China Ltd.,IID000000002571412,HONG KONG
132,SJM Holdings Limited,IID000000002355576,HONG KONG
133,"Wynn Macau, Limited",IID000000002453224,HONG KONG
134,"Beijing Originwater Technology Co., Ltd.",IID000000002588404,CHINA
135,CAPITAL ENVIRONMENT HOLDINGS LIMITED,IID000000002132905,CHINA
136,China Everbright International Limited,IID000000002161772,CHINA
137,Country Garden Services Holdings Co Ltd,IID000000002845051,CHINA
138,CT ENVIRONMENTAL GROUP LIMITED,IID000000002622828,CHINA
139,"DYNAGREEN ENVIRONMENTAL PROTECTION GROUP CO., LTD.",IID000000002669609,CHINA
140,Greentown Service Group Co Ltd,IID000000002752179,CHINA
141,Jihua Group Corporation Limited,IID000000002597558,CHINA
142,Shanghai M&G Stationery Inc,IID000000002720056,CHINA
143,"Suzhou Gold Mantis Construction Decoration Co., Ltd.",IID000000002185422,CHINA
144,Tianjin Capital Environmental Protection Group Company Limited,IID000000002186846,CHINA
145,"TUS ENVIRONMENTAL SCIENCE AND TECHNOLOGY DEVELOPMENT CO., LTD.",IID000000002131879,CHINA
146,"Beijing Sanju Environmental Protection & New Materials Co., Ltd.",IID000000002588542,CHINA
147,CHINA SANJIANG FINE CHEMICALS COMPANY LIMITED,IID000000002599386,CHINA
148,ELION ENERGY COMPANY LIMITED,IID000000002170665,CHINA
149,"HENGLI PETROCHEMICAL CO., LTD.",IID000000002163603,CHINA
150,"Hengyi Petrochemical Co., Ltd.",IID000000002161357,CHINA
151,"INNER MONGOLIA JUNZHENG ENERGY & CHEMICAL GROUP CO., LTD.",IID000000002609900,CHINA
152,"Lomon Billions Group Co., Ltd.",IID000000002623025,CHINA
153,"RONGSHENG PETROCHEMICAL CO., LTD.",IID000000002602232,CHINA
154,"SHANGHAI CHLOR-ALKALI CHEMICAL CO., LTD.",IID000000002135022,CHINA
155,Shanghai Huayi Group Corporation Limited,IID000000002164377,CHINA
156,"Sichuan Hebang Biotechnology Co., Ltd.",IID000000002649145,CHINA
157,Silver Grant International Holdings Group Limited,IID000000002140271,CHINA
158,Sinopec Shanghai Petrochemical Company Limited,IID000000002133087,CHINA
159,"Tangshan Sanyou Chemical Industries Co., Ltd",IID000000002133615,CHINA
160,"TONGKUN GROUP CO.,LTD",IID000000002617969,CHINA
161,"Xinjiang Zhongtai Chemical Co., Ltd.",IID000000002189945,CHINA
162,"Zhejiang Jiahua Energy Chemical Industry Co., Ltd.",IID000000002130140,CHINA
163,"Zhejiang Juhua Co., Ltd.",IID000000002130084,CHINA
164,BAOYE GROUP COMPANY LIMITED,IID000000002159197,CHINA
165,Beijing Urban Construction Design & Development Group Co Ltd,IID000000002704614,CHINA
166,China Aluminum International Engineering Corporation Limited,IID000000002648395,CHINA
167,China Communications Construction Company Limited,IID000000002161746,CHINA
168,China Communications Services Corporation Limited,IID000000002140686,CHINA
169,China Gezhouba Group Company Limited,IID000000002161789,CHINA
170,China Machinery Engineering Corporation,IID000000002657303,CHINA
171,"China National Chemical Engineering Co., Ltd",IID000000002573869,CHINA
172,China Railway Construction Corporation Limited,IID000000002161857,CHINA
173,China Railway Group Limited,IID000000002124163,CHINA
174,China Railway Hi-tech Industry Corporation Limited,IID000000002161858,CHINA
175,China State Construction Engineering Corporation Limited,IID000000002403401,CHINA
176,CHINA STATE CONSTRUCTION INTERNATIONAL HOLDINGS LIMITED,IID000000002161882,CHINA
177,"Hong Kong International Construction Investment Management Group Co., Limited",IID000000002187656,HONG KONG
178,Metallurgical Corporation of China Ltd.,IID000000002451683,CHINA
179,"Power Construction Corporation of China, Ltd.",IID000000002617784,CHINA
180,"Shanghai Construction Group Co., Ltd.",IID000000002146713,CHINA
181,"Shanghai Tunnel Engineering Co., Ltd.",IID000000002183363,CHINA
182,"SINOPEC ENGINEERING (GROUP) CO., LTD.",IID000000002667762,CHINA
183,China Shipbuilding Industry Company Limited,IID000000002572430,CHINA
184,CHINA YUCHAI INTERNATIONAL LIMITED,IID000000002161914,CHINA
185,CRRC Corporation Limited,IID000000002356416,CHINA
186,CSSC OFFSHORE & MARINE ENGINEERING (GROUP) COMPANY LIMITED,IID000000002168489,CHINA
187,FIRST TRACTOR COMPANY LIMITED,IID000000002166641,CHINA
188,"Inner Mongolia First Machinery Group Co., Ltd.",IID000000002135017,CHINA
189,Kama Co Ltd,IID000000002143409,CHINA
190,LONKING HOLDINGS LIMITED,IID000000002132891,CHINA
191,Sany Heavy Equipment International Holdings Company Ltd,IID000000002571137,CHINA
192,"SANY HEAVY INDUSTRY CO., LTD",IID000000002130092,CHINA
193,"SHANGHAI DIESEL ENGINE CO.,LTD.",IID000000002143232,CHINA
194,"SHANGHAI ZHENHUA HEAVY INDUSTRIES CO., LTD.",IID000000002183377,CHINA
195,Sinotruk (Hong Kong) Limited,IID000000002132893,CHINA
196,"Weichai Power Co., Ltd.",IID000000002189390,CHINA
197,"XCMG Construction Machinery Co., Ltd.",IID000000002189970,CHINA
198,"Zhengzhou Coal Mining Machinery Group Co., Ltd.",IID000000002595898,CHINA
199,"Zhengzhou Yutong Bus Co., Ltd.",IID000000002146677,CHINA
200,"Zoomlion Heavy Industry Science And Technology Co., Ltd",IID000000002150747,CHINA
201,ANHUI CONCH CEMENT COMPANY LIMITED,IID000000002140802,CHINA
202,ASIA CEMENT (CHINA) HOLDINGS CORPORATION,IID000000002199385,CHINA
203,BBMG Corporation,IID000000002398363,CHINA
204,"Beijing Oriental Yuhong Waterproof Technology Co., Ltd.",IID000000002359304,CHINA
205,"CHINA JUSHI CO., LTD",IID000000002130145,CHINA
206,China National Building Material Company Limited,IID000000002124595,CHINA
207,China National Materials Company Limited,IID000000002124681,CHINA
208,CHINA RESOURCES CEMENT HOLDINGS LIMITED,IID000000002252691,CHINA
209,"CSG Holding Co., Ltd.",IID000000002140056,CHINA
210,"Huaxin Cement Co., Ltd.",IID000000002134980,CHINA
211,"TANGSHAN JIDONG CEMENT CO.,LTD.",IID000000002186184,CHINA
212,WEST CHINA CEMENT LIMITED,IID000000002189436,CHINA
213,CHONG SING HOLDINGS FINTECH GROUP LIMITED,IID000000002604754,CHINA
214,SUN HUNG KAI & CO. LIMITED,IID000000002148792,HONG KONG
215,Yirendai Ltd,IID000000002750618,CHINA
216,CPMC Holdings Limited,IID000000002570526,CHINA
217,Greatview Aseptic Packaging Co Ltd,IID000000002605646,CHINA
218,MING LAM HOLDINGS LIMITED,IID000000002183889,CHINA
219,"ORG Technology Co., Ltd.",IID000000002652124,CHINA
220,YOUYUAN INTERNATIONAL HOLDINGS LIMITED,IID000000002591998,CHINA
221,Yunnan Energy New Material Co Ltd,IID000000002772310,CHINA
222,"Chengzhi Shareholding Co., Ltd.",IID000000002148551,CHINA
223,FUFENG GROUP LIMITED,IID000000002149119,CHINA
224,"Ningxia Baofeng Energy Group Co., Ltd.",IID000000002617058,CHINA
225,Sinochem International Corporation,IID000000002134483,CHINA
226,CHINA EDUCATION GROUP HOLDINGS LIMITED,IID000000002817649,CHINA
227,China Maple Leaf Educational Systems Ltd,IID000000002715990,CHINA
228,CHINA NEW HIGHER EDUCATION GROUP LIMITED,IID000000002773960,CHINA
229,CHINA YUHUA EDUCATION CORPORATION LIMITED,IID000000002773723,CHINA
230,Fu Shou Yuan International Group Ltd,IID000000002682778,CHINA
231,Hope Education Group Co Ltd,IID000000002864156,CHINA
232,NEW ORIENTAL EDUCATION & TECHNOLOGY GROUP INC.,IID000000002201869,CHINA
233,RISE EDUCATION CAYMAN LTD,IID000000002818788,CHINA
234,TAL EDUCATION GROUP,IID000000002602537,CHINA
235,Tarena International Inc,IID000000002688043,CHINA
236,Wisdom Education International Holdings Company Ltd,IID000000002771774,CHINA
237,AGM Group Holdings Inc,IID000000002818468,CHINA
238,"AVIC Capital Co., Ltd.",IID000000002143242,CHINA
239,"China Development Bank Financial Leasing Co., Ltd.",IID000000002635251,CHINA
240,Dingyi Group Investment Limited,IID000000002161677,HONG KONG
241,"East Money Information Co., Ltd.",IID000000002586318,CHINA
242,Far East Horizon Limited,IID000000002586460,CHINA
243,FIRST PACIFIC COMPANY LIMITED,IID000000002166616,HONG KONG
244,"Hithink RoyalFlush Information Network Co., Ltd.",IID000000002573115,CHINA
245,Hong Kong Exchanges and Clearing Limited,IID000000002124786,HONG KONG
246,"SHANGHAI AJ GROUP CO., LTD",IID000000002143166,CHINA
247,Sheng Ye Capital Ltd,IID000000002812213,CHINA
248,"CHINA HIGH SPEED TRANSMISSION EQUIPMENT GROUP CO., LTD.",IID000000002140670,CHINA
249,"CHINA XD ELECTRIC CO., LTD",IID000000002452905,CHINA
250,Contemporary Amperex Technology Co Ltd,IID000000002841129,CHINA
251,Dongfang Electric Corporation Limited,IID000000002124384,CHINA
252,"EVE Energy Co., Ltd.",IID000000002453495,CHINA
253,"Fangda Carbon New Material Co., Ltd.",IID000000002151651,CHINA
254,"FOSHAN ELECTRICAL AND LIGHTING CO., LTD",IID000000002166893,CHINA
255,FULLSHARE HOLDINGS LIMITED,IID000000002189275,CHINA
256,"Guoxuan High-tech Co., Ltd.",IID000000002171887,CHINA
257,"HANGZHOU STEAM TURBINE CO.,LTD",IID000000002168909,CHINA
258,Harbin Electric Company Limited,IID000000002168967,CHINA
259,"Hongfa Technology Co., Ltd.",IID000000002189825,CHINA
260,"Jiangsu Zhongtian Technology Co., Ltd.",IID000000002126626,CHINA
261,JOHNSON ELECTRIC HOLDINGS LIMITED,IID000000002140284,HONG KONG
262,"NARI Technology Co., Ltd.",IID000000002125293,CHINA
263,Shanghai Electric Group Company Limited,IID000000002124501,CHINA
264,"TBEA CO., LTD.",IID000000002185672,CHINA
265,VPOWER GROUP INTERNATIONAL HOLDINGS LIMITED,IID000000002773092,HONG KONG
266,"XINJIANG GOLDWIND SCIENCE & TECHNOLOGY CO.,LTD",IID000000002189936,CHINA
267,"ZHEJIANG CHINT ELECTRICS CO., LTD",IID000000002574529,CHINA
268,"Zhuzhou CRRC Times Electric Co., Ltd.",IID000000002190462,CHINA
269,AAC TECHNOLOGIES HOLDINGS INC.,IID000000002155418,CHINA
270,AVIC International Holdings Limited,IID000000002148756,CHINA
271,"AVIC Jonhon Optronic Technology Co., Ltd.",IID000000002161727,CHINA
272,"BOE Technology Group Co., Ltd.",IID000000002158773,CHINA
273,CAMSING INTERNATIONAL HOLDING LIMITED,IID000000002166674,CHINA
274,Chaozhou Three-circle Group Co Ltd,IID000000002715557,CHINA
275,CHINA AEROSPACE INTERNATIONAL HOLDINGS LIMITED,IID000000002161714,CHINA
276,China Railway Signal & Communication Corporation Limited,IID000000002706608,CHINA
277,FIH MOBILE LIMITED,IID000000002132729,HONG KONG
278,Foxconn Industrial Internet Co Ltd,IID000000002840660,CHINA
279,Goertek Inc.,IID000000002200869,CHINA
280,"HANGZHOU HIKVISION DIGITAL TECHNOLOGY CO., LTD",IID000000002591548,CHINA
281,"Holitech Technology Co., Ltd.",IID000000002183303,CHINA
282,KINGBOARD HOLDINGS LIMITED,IID000000002172747,CHINA
283,KINGBOARD LAMINATES HOLDINGS LIMITED,IID000000002172749,CHINA
284,"Lens Technology Co. , Ltd",IID000000002726113,CHINA
285,"Leyard Optoelectronic Co., Ltd.",IID000000002639736,CHINA
286,Lingyi iTech Guangdong Co,IID000000002623039,CHINA
287,"Luxshare Precision Industry Co., Ltd.",IID000000002598727,CHINA
288,"NAURA Technology Group Co., Ltd.",IID000000002386701,CHINA
289,"OFILM Group Co., Ltd.",IID000000002596120,CHINA
290,PAX GLOBAL TECHNOLOGY LIMITED,IID000000002606487,CHINA
291,"Shengyi Technology Co., Ltd.",IID000000002125921,CHINA
292,"Shennan Circuits Co., Ltd.",IID000000002629119,CHINA
293,SUNNY OPTICAL TECHNOLOGY (GROUP) COMPANY LIMITED,IID000000002140988,CHINA
294,"Suzhou Dongshan Precision Manufacturing Co., Ltd",IID000000002587607,CHINA
295,"Tianma Microelectronics Co., Ltd.",IID000000002183472,CHINA
296,TONGDA GROUP HOLDINGS LIMITED,IID000000002132460,CHINA
297,TRULY INTERNATIONAL HOLDINGS LIMITED,IID000000002187505,CHINA
298,"Tunghsu Optoelectronic Technology Co.,Ltd.",IID000000002131931,CHINA
299,"Unigroup Guoxin Microelectronics Co., Ltd.",IID000000002186185,CHINA
300,Unisplendour Corporation Limited,IID000000002187533,CHINA
301,VSTECS HOLDINGS LIMITED,IID000000002132599,HONG KONG
302,WASION HOLDINGS LIMITED,IID000000002189308,CHINA
303,Wuxi Lead Intelligent Equipment Co Ltd,IID000000002731568,CHINA
304,"ZHEJIANG DAHUA TECHNOLOGY CO., LTD.",IID000000002203466,CHINA
305,ANTON OILFIELD SERVICES GROUP,IID000000002157541,CHINA
306,China Oilfield Services Limited,IID000000002124563,CHINA
307,China Petroleum Engineering Corporation,IID000000002189935,CHINA
308,HONGHUA GROUP LIMITED,IID000000002196552,CHINA
309,"OFFSHORE OIL ENGINEERING CO.,LTD.",IID000000002151692,CHINA
310,Sinopec Oilfield Service Corporation,IID000000002125077,CHINA
311,Wison Engineering Services Co Ltd,IID000000002657602,CHINA
312,"Yantai Jereh Oilfield Services Group Co., Ltd.",IID000000002575391,CHINA
313,"ANGEL YEAST CO., LTD",IID000000002146666,CHINA
314,AUSNUTRIA DAIRY CORPORATION LTD,IID000000002453229,HONG KONG
315,"Beijing Dabeinong Technology Group Co., Ltd.",IID000000002587602,CHINA
316,China Agri-Industries Holdings Limited,IID000000002161716,CHINA
317,CHINA FOODS LIMITED,IID000000002124808,CHINA
318,CHINA MENGNIU DAIRY COMPANY LIMITED,IID000000002140920,CHINA
319,CHINA MODERN DAIRY HOLDINGS LTD.,IID000000002604564,CHINA
320,Chongqing Fuling Zhacai Group Co Ltd,IID000000002604376,CHINA
321,COFCO Meat Holdings Ltd,IID000000002770379,CHINA
322,"Cofco Tunhe Sugar Co., Ltd",IID000000002151671,CHINA
323,Dali Foods Group Co Ltd,IID000000002748008,CHINA
324,Foshan Haitian Flavouring and Food Co Ltd,IID000000002684903,CHINA
325,"Fujian Sunner Development Co., Ltd.",IID000000002453041,CHINA
326,"Guangdong Haid Group Co., Limited",IID000000002570919,CHINA
327,HEALTH AND HAPPINESS (H&H) INTERNATIONAL HOLDINGS LIMITED,IID000000002606161,HONG KONG
328,Heilongjiang Agriculture Company Limited,IID000000002169147,CHINA
329,"Henan Shuanghui Investment & Development Co., Ltd.",IID000000002169200,CHINA
330,"Inner Mongolia Yili Industrial Group Co., Ltd.",IID000000002134988,CHINA
331,Jiangxi Zhengbang Technology Co. Ltd.,IID000000002140123,CHINA
332,"JONJEE HI-TECH INDUSTRIAL AND COMMERCIAL HOLDING CO.,LTD",IID000000002172000,CHINA
333,"Muyuan Foods Co.,Ltd",IID000000002684685,CHINA
334,"New Hope Liuhe Co., Ltd.",IID000000002148515,CHINA
335,Nissin Foods Co Ltd,IID000000002823741,HONG KONG
336,"Tech-bank Food Co.,Ltd.",IID000000002177380,CHINA
337,TINGYI (CAYMAN ISLANDS) HOLDING CORP.,IID000000002137182,CHINA
338,"Toly Bread Co., Ltd.",IID000000002736511,CHINA
339,"TONGWEI CO.,LTD",IID000000002187044,CHINA
340,Vitasoy International Holdings Ltd,IID000000002189013,HONG KONG
341,WANT WANT CHINA HOLDINGS LIMITED,IID000000002196946,CHINA
342,"WENS FOODSTUFF GROUP CO., LTD.",IID000000002571225,CHINA
343,WH GROUP LIMITED,IID000000002671984,HONG KONG
344,Yashili International Holdings Ltd,IID000000002602856,CHINA
345,Yihai International Holding Ltd,IID000000002762783,CHINA
346,"Yuan Longping High-tech Agriculture Co., Ltd.",IID000000002131923,CHINA
347,AK Medical Holdings Ltd,IID000000002763366,CHINA
348,ALIBABA HEALTH INFORMATION TECHNOLOGY LIMITED,IID000000002160570,CHINA
349,"China Reform Health Management and Services Group Co., Ltd.",IID000000002148577,CHINA
350,Genscript Biotech Corp,IID000000002750477,CHINA
351,"Hangzhou Tigermed Consulting Co., Ltd",IID000000002650128,CHINA
352,Jafron Biomedical Co Ltd,IID000000002770486,CHINA
353,"JIANGSU YUYUE MEDICAL EQUIPMENT & SUPPLY CO., LTD.",IID000000002196596,CHINA
354,"Lepu Medical Technology (Beijing) Co., Ltd.",IID000000002453035,CHINA
355,LifeTech Scientific Corp,IID000000002631228,CHINA
356,MICROPORT SCIENTIFIC CORPORATION,IID000000002600152,HONG KONG
357,Ping An Healthcare and Technology Co Ltd,IID000000002839569,CHINA
358,Shandong Weigao Group Medical Polymer Company Limited,IID000000002183315,CHINA
359,Shenzhen Mindray Bio-Medical Electronics Co Ltd,IID000000002921390,CHINA
360,Winning Health Technology Group Co Ltd,IID000000002625006,CHINA
361,"WuXi AppTec Co., Ltd.",IID000000002839138,CHINA
362,Wuxi Biologics Cayman Inc,IID000000002807983,CHINA
363,"Aier Eye Hospital Group Co., Ltd.",IID000000002453496,CHINA
364,China Medical & HealthCare Group Limited,IID000000002160638,CHINA
365,"China Meheco Group Co., Ltd.",IID000000002160628,CHINA
366,China National Accord Medicines Corporation Ltd.,IID000000002148546,CHINA
367,China National Medicines Corporation Ltd.,IID000000002143123,CHINA
368,CHINA RESOURCES MEDICAL HOLDINGS COMPANY LIMITED,IID000000002680987,CHINA
369,C-Mer Eye Care Holdings Ltd,IID000000002815120,HONG KONG
370,Genertec Universal Medical Group Company Limited,IID000000002685289,CHINA
371,GOLDEN MEDITECH HOLDINGS LIMITED,IID000000002134790,CHINA
372,"HUADONG MEDICINE CO .,LTD",IID000000002169670,CHINA
373,"Jointown Pharmaceutical Group Co., Ltd.",IID000000002602582,CHINA
374,"Meinian Onehealth Healthcare Holdings Co., Ltd.",IID000000002171903,CHINA
375,"Realcan Pharmaceutical Group Co., Ltd.",IID000000002620186,CHINA
376,"Shanghai Pharmaceuticals Holding Co., Ltd.",IID000000002151735,CHINA
377,SINOPHARM GROUP CO. LTD.,IID000000002452605,CHINA
378,Beijing Sports and Entertainment Industry Group Ltd,IID000000002635363,CHINA
379,"BTG Hotels (Group) Co., Ltd.",IID000000002130096,CHINA
380,China International Travel Service Corporation Limited,IID000000002452752,CHINA
381,CHINA TRAVEL INTERNATIONAL INVESTMENT HONG KONG LIMITED,IID000000002161896,CHINA
382,Haichang Ocean Park Holdings Ltd,IID000000002687906,CHINA
383,"Huangshan Tourism Development Co., Ltd.",IID000000002169679,CHINA
384,HUAZHU GROUP LIMITED,IID000000002587948,CHINA
385,MANDARIN ORIENTAL INTERNATIONAL LIMITED,IID000000002143896,HONG KONG
386,REGAL HOTELS INTERNATIONAL HOLDINGS LIMITED,IID000000002181196,HONG KONG
387,"Shanghai Jin Jiang International Hotels Co., Ltd.",IID000000002183343,CHINA
388,SHANGRI-LA ASIA LIMITED,IID000000002183380,HONG KONG
389,"Shenzhen Overseas Chinese Town Co., Ltd.",IID000000002183465,CHINA
390,Songcheng Performance Development Co Ltd,IID000000002605031,CHINA
391,"THE HONGKONG AND SHANGHAI HOTELS, LIMITED",IID000000002123878,HONG KONG
392,Tuniu Corp,IID000000002694407,CHINA
393,VIVA CHINA HOLDINGS LIMITED,IID000000002168283,CHINA
394,HENGAN INTERNATIONAL GROUP COMPANY LIMITED,IID000000002169215,CHINA
395,NVC LIGHTING HOLDING LIMITED,IID000000002591550,CHINA
396,"Shanghai Jahwa United Co., Ltd",IID000000002183338,CHINA
397,VINDA INTERNATIONAL HOLDINGS LIMITED,IID000000002188884,CHINA
398,"Gree Electric Appliances, Inc. of Zhuhai",IID000000002168285,CHINA
399,"HAIER ELECTRONICS GROUP CO., LTD.",IID000000002124352,CHINA
400,"Haier Smart Home Co., Ltd.",IID000000002126711,CHINA
401,Hangzhou Robam Appliances Co Ltd,IID000000002603939,CHINA
402,KASEN INTERNATIONAL HOLDINGS LIMITED,IID000000002149098,CHINA
403,"KONKA GROUP CO., LTD.",IID000000002172942,CHINA
404,MAN WAH HOLDINGS LIMITED,IID000000002174737,HONG KONG
405,"Midea Group Co., Ltd.",IID000000002280968,CHINA
406,"NavInfo Co., Ltd.",IID000000002590576,CHINA
407,Oppein Home Group Inc.,IID000000002801382,CHINA
408,OZNER WATER INTERNATIONAL HOLDING LIMITED,IID000000002702609,CHINA
409,Q Technology (Group) Co Ltd,IID000000002716128,CHINA
410,"QINGDAO HISENSE ELECTRIC CO.,LTD.",IID000000002155077,CHINA
411,Skyworth Group Limited,IID000000002124218,CHINA
412,Suofeiya Home Collection Co Ltd,IID000000002615263,CHINA
413,TCL Corporation,IID000000002130598,CHINA
414,TCL ELECTRONICS HOLDINGS LIMITED,IID000000002185681,CHINA
415,"ZHEJIANG SUPOR CO., LTD",IID000000002190438,CHINA
416,CITIC Limited,IID000000002160572,CHINA
417,CK HUTCHISON HOLDINGS LIMITED,IID000000002726775,HONG KONG
418,FOSUN INTERNATIONAL LIMITED,IID000000002142739,CHINA
419,Glory Sun Financial Group Limited,IID000000002593707,CHINA
420,HOPEWELL HOLDINGS LIMITED,IID000000002169559,HONG KONG
421,JARDINE MATHESON HOLDINGS LIMITED,IID000000002142799,HONG KONG
422,JARDINE STRATEGIC HOLDINGS LIMITED,IID000000002132967,HONG KONG
423,NWS HOLDINGS LIMITED,IID000000002176636,HONG KONG
424,REALORD GROUP HOLDINGS LIMITED,IID000000002161647,CHINA
425,SHANGHAI INDUSTRIAL HOLDINGS LIMITED,IID000000002133088,CHINA
426,SHUN TAK HOLDINGS LIMITED,IID000000002140476,HONG KONG
427,CHINA CONCH VENTURE HOLDINGS LIMITED,IID000000002682770,CHINA
428,China First Heavy Industries,IID000000002575850,CHINA
429,"China International Marine Containers (Group) Co., Ltd.",IID000000002150503,CHINA
430,CIMC ENRIC HOLDINGS LIMITED,IID000000002124329,CHINA
431,HAITIAN INTERNATIONAL HOLDINGS LIMITED,IID000000002149340,CHINA
432,Huangshi Dongbei Electrical Appliance Co Ltd,IID000000002169680,CHINA
433,Jiangsu Hengli Hydraulic Co Ltd,IID000000002629930,CHINA
434,"Shang Gong Group Co., Ltd.",IID000000002134982,CHINA
435,"SHANGHAI HIGHLY (GROUP) CO., LTD.",IID000000002143284,CHINA
436,"Shanghai Mechanical & Electrical Industry Co., Ltd.",IID000000002143230,CHINA
437,"Shenzhen Inovance Technology Co., Ltd",IID000000002599377,CHINA
438,"SIASUN Robot & Automation Co., Ltd.",IID000000002453960,CHINA
439,SINGAMAS CONTAINER HOLDINGS LIMITED,IID000000002183868,HONG KONG
440,TECHTRONIC INDUSTRIES COMPANY LIMITED,IID000000002140672,HONG KONG
441,TIANDI SCIENCE & TECHNOLOGY CO.LTD,IID000000002186844,CHINA
442,TK Group Holdings Ltd,IID000000002682878,HONG KONG
443,"ZHEJIANG SANHUA INTELLIGENT CONTROLS CO.,LTD.",IID000000002190433,CHINA
444,CHINA PETROCHEMICAL CORPORATION,IID000000002247232,CHINA
445,China Petroleum & Chemical Corporation,IID000000002161850,CHINA
446,"Guanghui Energy Co., Ltd.",IID000000002189937,CHINA
447,PetroChina Company Limited,IID000000002179403,CHINA
448,58.com Inc.,IID000000002679429,CHINA
449,Autohome Inc,IID000000002680237,CHINA
450,"BAIDU, INC.",IID000000002196334,CHINA
451,BITAUTO HOLDINGS LIMITED,IID000000002604665,CHINA
452,FANG HOLDINGS LIMITED,IID000000002600382,CHINA
453,MOMO INC.,IID000000002715389,CHINA
454,SINA CORPORATION,IID000000002182166,CHINA
455,SOHU.COM LIMITED,IID000000002845733,CHINA
456,TENCENT HOLDINGS LIMITED,IID000000002149109,CHINA
457,Tian Ge Interactive Holdings Ltd,IID000000002704606,CHINA
458,WEIBO CORPORATION,IID000000002693026,CHINA
459,Wise Talent Information Technology Co Ltd,IID000000002846391,CHINA
460,YY INC.,IID000000002656090,CHINA
461,BOCOM International Holdings Company Limited,IID000000002358924,HONG KONG
462,Bright Smart Securities & Commodities Group Ltd,IID000000002598143,HONG KONG
463,"Caitong Securities Co., Ltd.",IID000000002261721,CHINA
464,"CENTRAL CHINA SECURITIES CO., LTD.",IID000000002261702,CHINA
465,Changjiang Securities Company Limited,IID000000002161539,CHINA
466,China Everbright Limited,IID000000002161773,CHINA
467,"China Galaxy Securities Co., Ltd.",IID000000002261936,CHINA
468,China International Capital Corporation Limited,IID000000002252447,CHINA
469,"China Merchants Securities Co., Ltd",IID000000002253926,CHINA
470,"China Securities Co., Ltd.",IID000000002239559,CHINA
471,China Tonghai International Financial Limited,IID000000002133967,HONG KONG
472,CITIC Securities Company Limited,IID000000002142010,CHINA
473,CMBC CAPITAL HOLDINGS LIMITED,IID000000002189926,HONG KONG
474,DONGXING SECURITIES Company Limited,IID000000002398298,CHINA
475,EMPEROR CAPITAL GROUP LIMITED,IID000000002165255,HONG KONG
476,Everbright Securities Company Limited,IID000000002260646,CHINA
477,"First Capital Securities Co., Ltd.",IID000000002253102,CHINA
478,"Founder Securities Co., Ltd.",IID000000002624594,CHINA
479,GF Securities Company Limited,IID000000002190058,CHINA
480,"GUOSEN SECURITIES CO., LTD.",IID000000002261365,CHINA
481,Guotai Junan International Holdings Limited,IID000000002594790,HONG KONG
482,"Guotai Junan Securities Co., Ltd.",IID000000002237413,CHINA
483,GUOYUAN SECURITIES COMPANY LIMITED,IID000000002140154,CHINA
484,HAITONG INTERNATIONAL SECURITIES GROUP LIMITED,IID000000002186054,HONG KONG
485,"Haitong Securities Co., Ltd.",IID000000002151747,CHINA
486,"HUAAN SECURITIES CO., LTD.",IID000000002260545,CHINA
487,"HUATAI SECURITIES CO.,LTD.",IID000000002260567,CHINA
488,"Huaxi Securities Co., Ltd.",IID000000002254203,CHINA
489,"INDUSTRIAL SECURITIES CO., LTD.",IID000000002251948,CHINA
490,"Northeast Securities Co., Ltd.",IID000000002177602,CHINA
491,ORIENT SECURITIES COMPANY LIMITED,IID000000002261423,CHINA
492,"Polaris Bay Group Co., Ltd.",IID000000002138249,CHINA
493,"SDIC Capital Co., Ltd.",IID000000002130102,CHINA
494,"SEALAND SECURITIES CO., LTD.",IID000000002131864,CHINA
495,"SHANXI SECURITIES CO., LTD.",IID000000002259596,CHINA
496,"Shenwan Hongyuan Group CO., LTD",IID000000002261512,CHINA
497,"Sinolink Securities Co., Ltd.",IID000000002183909,CHINA
498,"Soochow Securities Co., Ltd.",IID000000002260131,CHINA
499,"Southwest Securities Co., Ltd.",IID000000002261756,CHINA
500,"The Pacific Securities Co., Ltd.",IID000000002186756,CHINA
501,"WESTERN SECURITIES CO., LTD.",IID000000002261678,CHINA
502,Yintech Investment Holdings Ltd,IID000000002764436,CHINA
503,"Zheshang Securities Co., Ltd.",IID000000002277056,CHINA
504,BESTWAY GLOBAL HOLDING INC.,IID000000002820857,CHINA
505,GOODBABY INTERNATIONAL HOLDINGS LIMITED,IID000000002604476,CHINA
506,"SHANGHAI PHOENIX ENTERPRISE (GROUP) CO., LTD.",IID000000002143169,CHINA
507,AIA Group Limited,IID000000002602581,HONG KONG
508,China Life Insurance Company Limited,IID000000002161817,CHINA
509,China Taiping Insurance Holdings Company Limited,IID000000002150000,CHINA
510,"Hubei Biocause Pharmaceutical Co., Ltd",IID000000002169685,CHINA
511,NEW CHINA LIFE INSURANCE COMPANY LTD.,IID000000002256341,CHINA
512,"Ping An Insurance (Group) Company of China, Ltd.",IID000000002179617,CHINA
513,COSCO SHIPPING Development Company Limited,IID000000002132855,CHINA
514,"COSCO SHIPPING Holdings Co., Ltd.",IID000000002149331,CHINA
515,PACIFIC BASIN SHIPPING LIMITED,IID000000002178747,HONG KONG
516,Seaspan Corporation,IID000000002183004,CHINA
517,SITC International Holdings Co Ltd,IID000000002600817,HONG KONG
518,Alibaba Pictures Group Limited,IID000000002140894,CHINA
519,"Beijing Enlight Media Co., Ltd.",IID000000002624210,CHINA
520,"Beijing Gehua CATV Network Co., Ltd.",IID000000002155065,CHINA
521,Changyou.Com Ltd,IID000000002396810,CHINA
522,"China Film Co., Ltd.",IID000000002685316,CHINA
523,China Literature Ltd,IID000000002820982,CHINA
524,China South Publishing & Media Group Co Ltd,IID000000002602309,CHINA
525,"Chinese Universe Publishing and Media Group Co., Ltd.",IID000000002171918,CHINA
526,"CITIC Guoan Information Industry Co., Ltd.",IID000000002160571,CHINA
527,DIGITAL DOMAIN HOLDINGS LIMITED,IID000000002149120,HONG KONG
528,FingerTango Inc,IID000000002857664,CHINA
529,"Focus Media Information Technology Co., Ltd.",IID000000002168676,CHINA
530,Giant Network Group Co Ltd,IID000000002611317,CHINA
531,HUANXI MEDIA GROUP LIMITED,IID000000002167220,CHINA
532,IGG Inc,IID000000002678819,CHINA
533,IMAX China Holding Inc,IID000000002735658,CHINA
534,"IQIYI, INC.",IID000000002837426,CHINA
535,Jiangsu Broadcasting Cable Information Network Corporation Limited,IID000000002650145,CHINA
536,Leyou Technologies Holdings Ltd,IID000000002607982,HONG KONG
537,Mango Excellent Media Co Ltd,IID000000002720077,CHINA
538,Netdragon Websoft Holdings Ltd,IID000000002132610,CHINA
539,"NETEASE, INC.",IID000000002201853,CHINA
540,NOVA Group Holdings Limited,IID000000002679397,HONG KONG
541,People.cn Co Ltd,IID000000002643938,CHINA
542,Perfect World Co Ltd,IID000000002629178,CHINA
543,PHOENIX MEDIA INVESTMENT (HOLDINGS) LIMITED,IID000000002153470,CHINA
544,Poly Culture Group Corporation Limited,IID000000002685734,CHINA
545,"Shanghai Oriental Pearl Group Co., Ltd.",IID000000002182372,CHINA
546,SMI HOLDINGS GROUP LIMITED,IID000000002123786,CHINA
547,TELEVISION BROADCASTS LIMITED,IID000000002133104,HONG KONG
548,Tencent Music Entertainment Group,IID000000002929511,CHINA
549,"VISUAL CHINA GROUP CO.,LTD.",IID000000002148632,CHINA
550,"WUHU SANQI INTERACTIVE ENTERTAINMENT NETWORK TECHNOLOGY GROUP CO., LTD.",IID000000002611311,CHINA
551,"YOUZU Interactive CO., LTD.",IID000000002131987,CHINA
552,AGRITRADE RESOURCES LIMITED,IID000000002124346,HONG KONG
553,Aluminum Corporation of China Limited,IID000000002149396,CHINA
554,Chiho Environmental Group Limited,IID000000002594891,CHINA
555,China Coal Energy Company Limited,IID000000002149341,CHINA
556,CHINA HONGQIAO GROUP LIMITED,IID000000002610179,CHINA
557,CHINA METAL RESOURCES UTILIZATION LIMITED,IID000000002686779,CHINA
558,"China Molybdenum Co., Ltd.",IID000000002161828,CHINA
559,"China Northern Rare Earth (Group) High-Tech Co., Ltd.",IID000000002146689,CHINA
560,China Shenhua Energy Company Limited,IID000000002141621,CHINA
561,CHINA ZHONGWANG HOLDINGS LIMITED,IID000000002266696,CHINA
562,"GUANGDONG HEC TECHNOLOGY HOLDING CO., LTD",IID000000002142157,CHINA
563,"Inner Mongolia Eerduosi Resources Co., Ltd.",IID000000002126801,CHINA
564,"INNER MONGOLIA YITAI COAL CO., LTD",IID000000002170666,CHINA
565,Jiangxi Copper Company Limited,IID000000002171913,CHINA
566,Jinchuan Group International Resources Co Ltd,IID000000002124476,CHINA
567,Jinduicheng Molybdenum Co Ltd,IID000000002196598,CHINA
568,"Jizhong Energy Resources Co., Ltd.",IID000000002148530,CHINA
569,MMG Limited,IID000000002175764,CHINA
570,Shaanxi Coal Industry Company Limited,IID000000002679662,CHINA
571,"Shandong Nanshan Aluminium Co., Ltd.",IID000000002183310,CHINA
572,"Shanxi Lu'an Environmental Energy Dev. Co., Ltd",IID000000002183388,CHINA
573,"Shanxi Xishan Coal and Electricity Power Co., Ltd.",IID000000002146900,CHINA
574,"Shenghe Resources Holding Co., Ltd.",IID000000002133613,CHINA
575,SHENZHEN ZHONGJIN LINGNAN NONFEMET CO. LTD.,IID000000002133895,CHINA
576,"Tongling Nonferrous Metals Group Co., Ltd.",IID000000002187043,CHINA
577,"Western Mining Co., Ltd.",IID000000002134896,CHINA
578,"Xiamen Tungsten Co., Ltd.",IID000000002189916,CHINA
579,"Yang Quan Coal Industry (Group) Co., Ltd.",IID000000002183386,CHINA
580,Yanzhou Coal Mining Company Limited,IID000000002190075,CHINA
581,"Yintai Resources Co., Ltd.",IID000000002182912,CHINA
582,"Yunnan Chihong Zinc & Germanium Co., Ltd.",IID000000002134257,CHINA
583,"Yunnan Tin Co., Ltd.",IID000000002131906,CHINA
584,"ZHEJIANG HUAYOU COBALT CO., LTD",IID000000002649797,CHINA
585,"Shandong Gold Mining Co., Ltd.",IID000000002183294,CHINA
586,Zhaojin Mining Industry Company Limited,IID000000002149334,CHINA
587,"ZHONGJIN GOLD CORP., LTD",IID000000002190454,CHINA
588,Zijin Mining Group Company Limited,IID000000002190469,CHINA
589,"CHINA PACIFIC INSURANCE (GROUP) CO., LTD.",IID000000002151647,CHINA
590,CHINA REINSURANCE (GROUP) CORPORATION,IID000000002262553,CHINA
591,Fanhua Inc,IID000000002199774,CHINA
592,"Xishui Strong Year Co., Ltd. Inner Mongolia",IID000000002189952,CHINA
593,CNOOC LIMITED,IID000000002140797,CHINA
594,SHANDONG XINCHAO ENERGY CORPORATION LIMITED,IID000000002190074,CHINA
595,CHINA LNG GROUP LIMITED,IID000000002140299,CHINA
596,"China Merchants Energy Shipping Co., Ltd.",IID000000002125581,CHINA
597,China Suntien Green Energy Corporation Limited,IID000000002601573,CHINA
598,"COSCO Shipping Energy Transportation Co., Ltd.",IID000000002161873,CHINA
599,NEWOCEAN ENERGY HOLDINGS LIMITED,IID000000002136166,HONG KONG
600,"Oriental Energy Co., Ltd.",IID000000002190409,CHINA
601,Sinopec Kantons Holdings Limited,IID000000002149237,CHINA
602,Yuan Heng Gas Holdings Limited,IID000000002149102,CHINA
603,LEE & MAN PAPER MANUFACTURING LIMITED,IID000000002140919,CHINA
604,NINE DRAGONS PAPER (HOLDINGS) LIMITED,IID000000002177375,CHINA
605,"SHAN DONG SUN PAPER INDUSTRY JOINT STOCK CO., LTD.",IID000000002183289,CHINA
606,Shandong Chenming Paper Holdings Limited,IID000000002138067,CHINA
607,"SHANYING INTERNATIONAL HOLDINGS CO., LTD.",IID000000002157474,CHINA
608,Beijing Tong Ren Tang Chinese Medicine Co Ltd,IID000000002666872,CHINA
609,"BEIJING TONGRENTANG CO., LTD",IID000000002141798,CHINA
610,Changchun High & New Technology Industries (Group) Inc.,IID000000002161534,CHINA
611,Chengdu Kanghong Pharmaceutical Group Co Ltd,IID000000002735218,CHINA
612,CHINA GRAND PHARMACEUTICAL AND HEALTHCARE HOLDINGS LIMITED,IID000000002175056,CHINA
613,CHINA MEDICAL SYSTEM HOLDINGS LIMITED,IID000000002161824,CHINA
614,"China Resources Double-crane Pharmaceutical Co., Ltd.",IID000000002141534,CHINA
615,CHINA RESOURCES PHARMACEUTICAL GROUP LIMITED,IID000000002736361,CHINA
616,"China Resources Sanjiu Medical & Pharmaceutical Co., Ltd.",IID000000002182659,CHINA
617,CHINA SHINEWAY PHARMACEUTICAL GROUP LIMITED,IID000000002149497,CHINA
618,China Traditional Chinese Medicine Holdings Co. Limited,IID000000002140683,CHINA
619,Consun Pharmaceutical Group Ltd,IID000000002682769,CHINA
620,CSPC PHARMACEUTICAL GROUP LIMITED,IID000000002133437,CHINA
621,Dawnrays Pharmaceutical (Holdings) Ltd,IID000000002163746,CHINA
622,"Dong-E-E-Jiao Co., Ltd.",IID000000002125917,CHINA
623,Guangzhou Baiyunshan Pharmaceutical Holdings Company Limited,IID000000002132579,CHINA
624,Guizhou Bailing Group Pharmaceutical Co Ltd,IID000000002591988,CHINA
625,"HUBEI JUMPCAN PHARMACEUTICAL CO., LTD.",IID000000002126627,CHINA
626,"Humanwell Healthcare (Group) Co., Ltd.",IID000000002189822,CHINA
627,Hutchison China MediTech Ltd,IID000000002169769,CHINA
628,"JIANGSU HENGRUI MEDICINE CO.,LTD.",IID000000002135147,CHINA
629,"Jilin Aodong Pharmaceutical Group Co., Ltd.",IID000000002171927,CHINA
630,"Joincare Pharmaceutical Group Industry Co.,Ltd.",IID000000002171988,CHINA
631,LEE'S PHARMACEUTICAL HOLDINGS LIMITED,IID000000002150104,CHINA
632,LIVZON PHARMACEUTICAL GROUP INC.,IID000000002139649,CHINA
633,LUYE PHARMA GROUP LTD.,IID000000002158060,CHINA
634,Shandong Buchang Pharmaceuticals Co Ltd,IID000000002679659,CHINA
635,SHANDONG XINHUA PHARMACEUTICAL COMPANY LIMITED,IID000000002132463,CHINA
636,"Shanghai Fosun Pharmaceutical (Group) Co., Ltd.",IID000000002183330,CHINA
637,"Shanghai Fudan-Zhangjiang Bio-Pharmaceutical Co., Ltd.",IID000000002133428,CHINA
638,"Shanghai Haixin Group Co., Ltd.",IID000000002183332,CHINA
639,"SHENZHEN HEPALINK PHARMACEUTICAL GROUP CO., LTD.",IID000000002589757,CHINA
640,"SHENZHEN SALUBRIS PHARMACEUTICALS CO., LTD.",IID000000002451437,CHINA
641,"Shijiazhuang Yiling Pharmaceutical Co., Ltd.",IID000000002623968,CHINA
642,"Sichuan Kelun Pharmaceutical Co., Ltd.",IID000000002591999,CHINA
643,Sihuan Pharmaceutical Holdings Group Ltd,IID000000002144626,CHINA
644,SINO BIOPHARMACEUTICAL LIMITED,IID000000002183886,CHINA
645,SSY GROUP LIMITED,IID000000002132727,CHINA
646,"TASLY PHARMACEUTICAL GROUP CO.,LTD.",IID000000002143133,CHINA
647,THE UNITED LABORATORIES INTERNATIONAL HOLDINGS LIMITED,IID000000002186761,HONG KONG
648,"Tong Ren Tang Technologies Co., Ltd.",IID000000002149793,CHINA
649,"Tonghua Dongbao Pharmaceutical Co., Ltd.",IID000000002143264,CHINA
650,YiChang HEC ChangJiang Pharmaceutical Co Ltd,IID000000002750161,CHINA
651,"YIFAN PHARMACEUTICAL CO.,LTD.",IID000000002148555,CHINA
652,"YUNNAN BAIYAO GROUP CO., LTD",IID000000002190202,CHINA
653,ZHANGZHOU PIENTZEHUANG PHARMACEUTICAL.LTD,IID000000002190411,CHINA
654,"Zhejiang CONBA Pharmaceutical Co., Ltd.",IID000000002134930,CHINA
655,"Zhejiang Huahai Pharmaceutical Co., Ltd.",IID000000002151652,CHINA
656,ZHEJIANG NHU COMPANY LTD.,IID000000002131925,CHINA
657,"51JOB, INC.",IID000000002199177,CHINA
658,PICC Property and Casualty Company Limited,IID000000002178611,CHINA
659,The People's Insurance Company (Group) of China Limited,IID000000002640017,CHINA
660,ZhongAn Online P & C Insurance Co Ltd,IID000000002772799,CHINA
661,AGILE GROUP HOLDINGS LIMITED,IID000000002132917,CHINA
662,"Beijing Capital Development Co., Ltd",IID000000002141111,CHINA
663,BEIJING CAPITAL LAND LTD.,IID000000002149496,CHINA
664,Beijing North Star Company Limited,IID000000002159381,CHINA
665,C&D INTERNATIONAL INVESTMENT GROUP LIMITED,IID000000002656696,CHINA
666,Carnival Group International Holdings Limited,IID000000002178355,CHINA
667,CENTRAL CHINA REAL ESTATE LIMITED,IID000000002289088,CHINA
668,China Aoyuan Group Limited,IID000000002149532,CHINA
669,China Enterprise Company Limited,IID000000002161769,CHINA
670,CHINA EVERGRANDE GROUP,IID000000002196477,CHINA
671,"CHINA FORTUNE LAND DEVELOPMENT CO., LTD.",IID000000002132155,CHINA
672,China Jinmao Holdings Group Limited,IID000000002149157,CHINA
673,CHINA MERCHANTS LAND LIMITED,IID000000002150001,CHINA
674,"CHINA MERCHANTS SHEKOU INDUSTRIAL ZONE HOLDINGS CO.,LTD",IID000000002751338,CHINA
675,CHINA OVERSEAS GRAND OCEANS GROUP LIMITED,IID000000002183422,CHINA
676,CHINA OVERSEAS LAND & INVESTMENT LTD.,IID000000002161849,CHINA
677,CHINA RESOURCES LAND LIMITED,IID000000002124385,CHINA
678,CHINA SCE GROUP HOLDINGS LIMITED,IID000000002576018,CHINA
679,China South City Holdings Limited,IID000000002394492,CHINA
680,"CHINA VANKE CO., LTD.",IID000000002142203,CHINA
681,CHINA VAST INDUSTRIAL URBAN DEVELOPMENT COMPANY LIMITED,IID000000002708348,CHINA
682,CHINESE ESTATES HOLDINGS LIMITED,IID000000002140274,HONG KONG
683,CIFI HOLDINGS (GROUP) CO. LTD.,IID000000002655773,CHINA
684,CK ASSET HOLDINGS LIMITED,IID000000002732325,HONG KONG
685,COUNTRY GARDEN HOLDINGS COMPANY LIMITED,IID000000002131818,CHINA
686,CSI PROPERTIES LIMITED,IID000000002149099,HONG KONG
687,EMPEROR INTERNATIONAL HOLDINGS LIMITED,IID000000002165257,HONG KONG
688,"FANTASIA HOLDINGS GROUP CO., LIMITED",IID000000002571153,CHINA
689,FAR EAST CONSORTIUM INTERNATIONAL LIMITED,IID000000002132126,HONG KONG
690,"FINANCIAL STREET HOLDINGS CO., LTD.",IID000000002166417,CHINA
691,FUTURE LAND DEVELOPMENT HOLDINGS LIMITED,IID000000002655926,CHINA
692,Gemdale Corporation,IID000000002125041,CHINA
693,Gemdale Properties and Investment Corporation Limited,IID000000002140665,CHINA
694,Glorious Property Holdings Limited,IID000000002452793,CHINA
695,GLORY LAND COMPANY LIMITED,IID000000002704357,CHINA
696,"GRANDJOY HOLDINGS GROUP CO., LTD.",IID000000002148543,CHINA
697,GREAT EAGLE HOLDINGS LIMITED,IID000000002168248,HONG KONG
698,Greenland Holdings Corporation Limited,IID000000002126726,CHINA
699,GREENLAND HONG KONG HOLDINGS LIMITED,IID000000002130176,CHINA
700,GREENTOWN CHINA HOLDINGS LIMITED,IID000000002168323,CHINA
701,Ground International Development Limited,IID000000002161829,CHINA
702,Guangdong Land Holdings Limited,IID000000002172770,CHINA
703,"Guangzhou R&F Properties Co., Ltd.",IID000000002168487,CHINA
704,HANG LUNG PROPERTIES LIMITED,IID000000002168903,HONG KONG
705,HENDERSON LAND DEVELOPMENT COMPANY LIMITED,IID000000002140250,HONG KONG
706,HKC (HOLDINGS) LIMITED,IID000000002148804,CHINA
707,HOPSON DEVELOPMENT HOLDINGS LIMITED,IID000000002169561,CHINA
708,"Jiangsu Zhongnan Construction Group Co., Ltd.",IID000000002163599,CHINA
709,JIAYUAN INTERNATIONAL GROUP LIMITED,IID000000002751335,CHINA
710,JINGRUI HOLDINGS LIMITED,IID000000002679023,CHINA
711,"Jinke Property Group Co., Ltd.",IID000000002161960,CHINA
712,Joy City Property Limited,IID000000002144940,CHINA
713,K. WAH INTERNATIONAL HOLDINGS LIMITED,IID000000002132310,HONG KONG
714,KAISA GROUP HOLDINGS LTD.,IID000000002572506,CHINA
715,KERRY PROPERTIES LIMITED,IID000000002172624,HONG KONG
716,KWG Group Holdings Limited,IID000000002172365,CHINA
717,LAI FUNG HOLDINGS LIMITED,IID000000002140855,CHINA
718,LAI SUN DEVELOPMENT COMPANY LIMITED,IID000000002149747,HONG KONG
719,Landing International Development Ltd,IID000000002140699,HONG KONG
720,LOGAN PROPERTY HOLDINGS COMPANY LIMITED,IID000000002682511,CHINA
721,LONGFOR GROUP HOLDINGS LIMITED,IID000000002570753,CHINA
722,LVGEM (CHINA) REAL ESTATE INVESTMENT COMPANY LIMITED,IID000000002148866,CHINA
723,MINMETALS LAND LIMITED,IID000000002148962,CHINA
724,"MODERN LAND (CHINA) CO., LIMITED",IID000000002670675,CHINA
725,New World Development Company Limited,IID000000002177217,HONG KONG
726,"OCEANWIDE HOLDINGS CO., LTD.",IID000000002177982,CHINA
727,OVERSEAS CHINESE TOWN (ASIA) HOLDINGS LIMITED,IID000000002132916,CHINA
728,"Poly Developments and Holdings Group Co., Ltd.",IID000000002146656,CHINA
729,"Poly Property Group Co., Limited",IID000000002148755,CHINA
730,POWERLONG REAL ESTATE HOLDINGS LIMITED,IID000000002453359,CHINA
731,REDCO PROPERTIES GROUP LIMITED,IID000000002685178,CHINA
732,REDSUN PROPERTIES GROUP LIMITED,IID000000002858307,CHINA
733,"RiseSun Real Estate Development Co., Ltd",IID000000002181522,CHINA
734,ROAD KING INFRASTRUCTURE LIMITED,IID000000002132685,CHINA
735,RONSHINE CHINA HOLDINGS LIMITED,IID000000002750976,CHINA
736,"Seazen Holdings Co., Ltd",IID000000002747189,CHINA
737,Shanghai Industrial Urban Development Group Limited,IID000000002130978,CHINA
738,"SHANGHAI JINQIAO EXPORT PROCESSING ZONE DEVELOPMENT CO., LTD.",IID000000002151704,CHINA
739,"Shanghai Lujiazui Finance & Trade Zone Development Co., Ltd.",IID000000002183350,CHINA
740,"Shanghai Shibei Hi-Tech Co., Ltd.",IID000000002134993,CHINA
741,"Shanghai SMI Holding Co., Ltd",IID000000002134900,CHINA
742,"SHANGHAI WAIGAOQIAO FREE TRADE ZONE GROUP CO., LTD.",IID000000002183365,CHINA
743,"Shanghai Zhangjiang Hi-Tech Park Development Co.,Ltd",IID000000002151770,CHINA
744,SHENZHEN INVESTMENT LIMITED,IID000000002149126,CHINA
745,SHIMAO PROPERTY HOLDINGS LIMITED,IID000000002183508,CHINA
746,SHUI ON LAND LIMITED,IID000000002140512,CHINA
747,"SICHUAN LANGUANG DEVELOPMENT CO., LTD.",IID000000002133661,CHINA
748,Sino Land Company Limited,IID000000002183894,HONG KONG
749,Sino-Ocean Group Holding Limited,IID000000002141116,CHINA
750,SKYFAME REALTY (HOLDINGS) LIMITED,IID000000002184002,CHINA
751,SUN HUNG KAI PROPERTIES LIMITED,IID000000002185201,HONG KONG
752,SUNAC CHINA HOLDINGS LIMITED,IID000000002573046,CHINA
753,SUNCITY GROUP HOLDINGS LIMITED,IID000000002142233,HONG KONG
754,SWIRE PACIFIC LIMITED,IID000000002185473,HONG KONG
755,"TAHOE GROUP CO., LTD",IID000000002167067,CHINA
756,The Wharf (Holdings) Limited,IID000000002189526,HONG KONG
757,TIMES CHINA HOLDINGS LIMITED,IID000000002682223,CHINA
758,TOP SPRING INTERNATIONAL HOLDINGS LIMITED,IID000000002613964,CHINA
759,WHEELOCK AND COMPANY LIMITED,IID000000002148736,HONG KONG
760,"Xinhu Zhongbao Co., Ltd.",IID000000002138232,CHINA
761,"Yango Group Co., Ltd.",IID000000002167070,CHINA
762,"Youngor Group Co., Ltd",IID000000002155124,CHINA
763,Yuexiu Property Company Limited,IID000000002168484,CHINA
764,YUZHOU PROPERTIES COMPANY LIMITED,IID000000002569461,CHINA
765,"Zhejiang China Commodities City Group Co., Ltd",IID000000002133669,CHINA
766,Zhuguang Holdings Group Company Ltd,IID000000002176690,CHINA
767,Asiasec Properties Limited,IID000000002148966,HONG KONG
768,Champion Real Estate Investment Trust,IID000000002199879,HONG KONG
769,China Dili Group,IID000000002385856,CHINA
770,"CHINA LOGISTICS PROPERTY HOLDINGS CO., LTD",IID000000002762776,CHINA
771,CHINA OVERSEAS PROPERTY HOLDINGS LIMITED,IID000000002746176,CHINA
772,Colour Life Services Group Co Ltd,IID000000002684127,CHINA
773,HANG LUNG GROUP LIMITED,IID000000002140249,HONG KONG
774,Hongkong Land Holdings Limited,IID000000002126219,HONG KONG
775,HYSAN DEVELOPMENT COMPANY LIMITED,IID000000002132098,HONG KONG
776,LANGHAM HOSPITALITY INVESTMENTS LIMITED,IID000000002668001,HONG KONG
777,Link Real Estate Investment Trust,IID000000002201426,HONG KONG
778,NAM TAI PROPERTY INC.,IID000000002176694,CHINA
779,Prosperity Real Estate Investment Trust,IID000000002202420,HONG KONG
780,Red Star Macalline Group Corporation Ltd.,IID000000002651143,CHINA
781,SOHO CHINA LIMITED,IID000000002182251,CHINA
782,Sunlight Real Estate Investment Trust,IID000000002202889,HONG KONG
783,SWIRE PROPERTIES LIMITED,IID000000002280490,HONG KONG
784,WHARF REAL ESTATE INVESTMENT COMPANY LIMITED,IID000000002822513,HONG KONG
785,Yuexiu Real Estate Investment Trust,IID000000002200809,CHINA
786,Ajisen (China) Holdings Ltd,IID000000002156500,CHINA
787,CAFE DE CORAL HOLDINGS LIMITED,IID000000002160759,HONG KONG
788,FAIRWOOD HOLDINGS LIMITED,IID000000002132204,HONG KONG
789,Haidilao International Holding Ltd,IID000000002921087,CHINA
790,Yum China Holdings Inc,IID000000002776229,CHINA
791,ALIBABA GROUP HOLDING LIMITED,IID000000002595555,CHINA
792,"ANHUI XINHUA MEDIA CO.,LTD",IID000000002574256,CHINA
793,BAOZUN INC.,IID000000002730577,CHINA
794,CHINA ANIMATION CHARACTERS COMPANY LIMITED,IID000000002725720,CHINA
795,"China Grand Automotive Services Group Co., Ltd.",IID000000002163600,CHINA
796,China Harmony New Energy Auto Holding Ltd,IID000000002669029,CHINA
797,CHINA MEIDONG AUTO HOLDINGS LIMITED,IID000000002681448,CHINA
798,CHINA YONGDA AUTOMOBILES SERVICES HOLDINGS LIMITED,IID000000002646637,CHINA
799,CHINA ZHENGTONG AUTO SERVICES HOLDINGS LIMITED,IID000000002605761,CHINA
800,CHOW TAI FOOK JEWELLERY GROUP LIMITED,IID000000002257405,HONG KONG
801,COGOBUY GROUP,IID000000002709408,CHINA
802,"CTRIP.COM INTERNATIONAL, LTD.",IID000000002200092,CHINA
803,Dah Chong Hong Holdings Ltd,IID000000002163549,CHINA
804,ESPRIT HOLDINGS LIMITED,IID000000002165648,HONG KONG
805,Giordano International Limited,IID000000002124798,HONG KONG
806,"Global Top E-Commerce Co., Ltd",IID000000002632455,CHINA
807,GOME Retail Holdings Limited,IID000000002124806,CHINA
808,GRAND BAOXIN AUTO GROUP LIMITED,IID000000002633292,CHINA
809,HengTen Networks Group Limited,IID000000002148856,CHINA
810,I.T LIMITED,IID000000002132669,HONG KONG
811,"JD.COM, INC.",IID000000002695241,CHINA
812,Jumei International Holding Ltd,IID000000002694857,CHINA
813,"Liaoning Cheng Da Co., Ltd.",IID000000002151712,CHINA
814,Lifestyle China Group Ltd,IID000000002769991,CHINA
815,LIFESTYLE INTERNATIONAL HOLDINGS LIMITED,IID000000002173828,HONG KONG
816,LUK FOOK HOLDINGS (INTERNATIONAL) LIMITED,IID000000002140701,HONG KONG
817,Meituan Dianping,IID000000002920696,CHINA
818,Pinduoduo Inc,IID000000002863606,CHINA
819,Pou Sheng International (Holdings) Ltd,IID000000002289065,CHINA
820,SA SA INTERNATIONAL HOLDINGS LIMITED,IID000000002182396,HONG KONG
821,"SHANGHAI YUYUAN TOURIST MART (GROUP) CO., LTD.",IID000000002183375,CHINA
822,"SUNING.COM CO., LTD.",IID000000002185262,CHINA
823,VIPSHOP HOLDINGS LIMITED,IID000000002642144,CHINA
824,WE SOLUTIONS LIMITED,IID000000002175754,HONG KONG
825,"XINHUA WINSHARE PUBLISHING AND MEDIA CO., LTD.",IID000000002124247,CHINA
826,ZHONGSHENG GROUP HOLDINGS LIMITED,IID000000002587265,CHINA
827,DAIRY FARM INTERNATIONAL HOLDINGS LIMITED,IID000000002163573,HONG KONG
828,LBX Pharmacy Chain Joint Stock Company,IID000000002729154,CHINA
829,"Shanghai Bailian Group Co., Ltd.",IID000000002143228,CHINA
830,SPRINGLAND INTERNATIONAL HOLDINGS LIMITED,IID000000002602034,CHINA
831,Sun Art Retail Group Ltd.,IID000000002623525,CHINA
832,"Yonghui Superstores Co., Ltd.",IID000000002605772,CHINA
833,CAR INC.,IID000000002709895,CHINA
834,"CMST Development Co., Ltd.",IID000000002143145,CHINA
835,"Daqin Railway Co., Ltd.",IID000000002142277,CHINA
836,"DAZHONG TRANSPORTATION (GROUP) CO., LTD.",IID000000002163762,CHINA
837,EHI CAR SERVICES LIMITED,IID000000002711995,CHINA
838,Guangshen Railway Company Limited,IID000000002149105,CHINA
839,MTR CORPORATION LIMITED,IID000000002148790,HONG KONG
840,"Shanghai JinJiang International Industrial Investment Co., Ltd.",IID000000002183342,CHINA
841,ASM PACIFIC TECHNOLOGY LIMITED,IID000000002155808,HONG KONG
842,Daqo New Energy Corp.,IID000000002576184,CHINA
843,"GCL System Integration Technology Co., Ltd.",IID000000002603628,CHINA
844,GCL-POLY ENERGY HOLDINGS LIMITED,IID000000002167195,CHINA
845,GigaDevice Semiconductor Beijing Inc,IID000000002771175,CHINA
846,"Hangzhou Silan Microelectronics Co., Ltd.",IID000000002125348,CHINA
847,HUA HONG SEMICONDUCTOR LIMITED,IID000000002711894,CHINA
848,"Jiangsu Changjiang Electronics Technology Co., Ltd.",IID000000002171885,CHINA
849,"JinkoSolar Holding Co., Ltd.",IID000000002577026,CHINA
850,"LONGi Green Energy Technology Co., Ltd.",IID000000002641884,CHINA
851,"MLS CO.,LTD.",IID000000002722413,CHINA
852,"SANAN OPTOELECTRONICS CO., LTD.",IID000000002143241,CHINA
853,SEMICONDUCTOR MANUFACTURING INTERNATIONAL CORPORATION,IID000000002140887,CHINA
854,Shanghai Fudan Microelectronics Group Company Limited,IID000000002140868,CHINA
855,"Tianjin Zhonghuan Semiconductor Co., Ltd.",IID000000002186859,CHINA
856,XINYI SOLAR HOLDINGS LIMITED,IID000000002681440,CHINA
857,"21Vianet Group, Inc.",IID000000002617626,CHINA
858,360 Security Technology Inc,IID000000002634749,CHINA
859,AGTech Holdings Limited,IID000000002140827,CHINA
860,Aisino Corporation,IID000000002146709,CHINA
861,"Beijing Shiji Information Technology Co., Ltd.",IID000000002148614,CHINA
862,Beijing Sinnet Technology Co Ltd,IID000000002684688,CHINA
863,CHINA NATIONAL SOFTWARE & SERVICE COMPANY LIMITED,IID000000002161832,CHINA
864,"China TransInfo Technology Co., Ltd",IID000000002586256,CHINA
865,China Youzan Limited,IID000000002185565,CHINA
866,CHINASOFT INTERNATIONAL LIMITED,IID000000002161925,CHINA
867,"DHC Software Co., Ltd",IID000000002159374,CHINA
868,DIGITAL CHINA HOLDINGS LIMITED,IID000000002164091,CHINA
869,GDS HOLDINGS LIMITED,IID000000002775780,CHINA
870,Glodon Company Limited,IID000000002591063,CHINA
871,HI SUN TECHNOLOGY (CHINA) LIMITED,IID000000002149158,CHINA
872,Hundsun Technologies Inc.,IID000000002168898,CHINA
873,"IFLYTEK CO., LTD",IID000000002197328,CHINA
874,INESA INTELLIGENT TECH INC.,IID000000002182371,CHINA
875,Inspur International Ltd,IID000000002170749,CHINA
876,KINGDEE INTERNATIONAL SOFTWARE GROUP COMPANY LIMITED,IID000000002172750,CHINA
877,KINGSOFT CORPORATION LIMITED,IID000000002141104,CHINA
878,Neusoft Corporation,IID000000002143243,CHINA
879,"Newland Digital Technology Co., Ltd.",IID000000002167064,CHINA
880,"Shanghai 2345 Network Holding Group Co., Ltd.",IID000000002183337,CHINA
881,"Shanghai Baosight Software Co., Ltd.",IID000000002134965,CHINA
882,"SHENZHEN KINGDOM SCI-TECH CO., LTD",IID000000002141830,CHINA
883,Sinosoft Technology Group Ltd,IID000000002670562,CHINA
884,SUNEVISION HOLDINGS LTD.,IID000000002185248,HONG KONG
885,TravelSky Technology Ltd,IID000000002140675,CHINA
886,Venustech Group Inc.,IID000000002593027,CHINA
887,"Wangsu Science & Technology Co., Ltd.",IID000000002453499,CHINA
888,Westone Information Industry Inc.,IID000000002355300,CHINA
889,Xunlei Ltd,IID000000002624335,CHINA
890,"YONYOU NETWORK TECHNOLOGY CO.,LTD.",IID000000002187727,CHINA
891,China BlueChemical Ltd,IID000000002149533,CHINA
892,CHINA XLX FERTILISER LTD.,IID000000002161911,CHINA
893,DONGYUE GROUP LIMITED,IID000000002164344,CHINA
894,"GANFENG LITHIUM CO., LTD.",IID000000002596522,CHINA
895,"GEM Co., Ltd.",IID000000002574532,CHINA
896,HUABAO INTERNATIONAL HOLDINGS LIMITED,IID000000002132444,CHINA
897,"Jiangsu Yangnong Chemical Co., Ltd.",IID000000002171909,CHINA
898,"Kingenta Ecological Engineering Group Co., Ltd.",IID000000002598420,CHINA
899,"Luxi Chemical Group Co., Ltd.",IID000000002183307,CHINA
900,"Meihua Holdings Group Co., Ltd",IID000000002135000,CHINA
901,"NINGBO SHANSHAN CO.,LTD",IID000000002143248,CHINA
902,"Qinghai Salt Lake Industry Co., Ltd.",IID000000002180590,CHINA
903,"SHANDONG HUALU-HENGSHENG CHEMICAL CO.,LTD",IID000000002141863,CHINA
904,SINOFERT HOLDINGS LIMITED,IID000000002124790,CHINA
905,Tianqi Lithium Corporation,IID000000002597992,CHINA
906,TSAKER CHEMICAL GROUP LIMITED,IID000000002736041,CHINA
907,"Wanhua Chemical Group Co., Ltd.",IID000000002138326,CHINA
908,"Zhejiang Longsheng Group Co., Ltd",IID000000002141102,CHINA
909,Angang Steel Company Limited,IID000000002149730,CHINA
910,"Baoshan Iron & Steel Co.,Ltd.",IID000000002159193,CHINA
911,"Bengang Steel Plates Co., Ltd.",IID000000002131866,CHINA
912,CHINA ORIENTAL GROUP COMPANY LIMITED,IID000000002132481,CHINA
913,Hesteel Company Limited,IID000000002132004,CHINA
914,"Hunan Valin Steel Co., Ltd.",IID000000002169743,CHINA
915,"Inner Mongolia Baotou Steel Union Co., Ltd",IID000000002170663,CHINA
916,MAANSHAN IRON & STEEL COMPANY LIMITED,IID000000002174527,CHINA
917,MONGOLIAN MINING CORPORATION,IID000000002601332,HONG KONG
918,"Nanjing Iron & Steel Co., Ltd.",IID000000002155119,CHINA
919,"Sansteel Minguang Co., Ltd.,Fujian",IID000000002182672,CHINA
920,SHOUGANG FUSHAN RESOURCES GROUP LIMITED,IID000000002167122,CHINA
921,TIANGONG INTERNATIONAL COMPANY LIMITED,IID000000002132597,CHINA
922,"Xinxing Ductile Iron Pipes Co., Ltd.",IID000000002140015,CHINA
923,"Xinyu Iron & Steel Co., Ltd",IID000000002134923,CHINA
924,BYD Electronic (International) Company Limited,IID000000002124020,CHINA
925,"CHINA GREATWALL TECHNOLOGY GROUP CO., LTD.",IID000000002161796,CHINA
926,COMBA TELECOM SYSTEMS HOLDINGS LIMITED,IID000000002140964,CHINA
927,"Dawning Information Industry Co., Ltd.",IID000000002712904,CHINA
928,"EASTERN COMMUNICATIONS CO., LTD.",IID000000002125948,CHINA
929,"Fiberhome Telecommunication Technologies Co., Ltd.",IID000000002134484,CHINA
930,"GRG Banking Equipment Co., Ltd.",IID000000002131977,CHINA
931,Guangzhou Haige Communications Group Incorporated Company,IID000000002597984,CHINA
932,"Hengtong Optic-Electric CO.,LTD",IID000000002171890,CHINA
933,Hytera Communications Corporation Limited,IID000000002619053,CHINA
934,"Inspur Electronic Information Industry Co., Ltd.",IID000000002170748,CHINA
935,"KAILE SCIENCE AND TECHNOLOGY CO., LTD. HUBEI",IID000000002138274,CHINA
936,Legend Holdings Corporation,IID000000002351523,CHINA
937,LENOVO GROUP LIMITED,IID000000002125076,CHINA
938,Meitu Inc,IID000000002772398,CHINA
939,Ninestar Corporation,IID000000002190459,CHINA
940,Shenzhen Sunway Communication Co Ltd,IID000000002602732,CHINA
941,TPV TECHNOLOGY LIMITED,IID000000002185913,CHINA
942,"TSINGHUATONGFANG CO., LTD.",IID000000002187532,CHINA
943,VTECH HOLDINGS LIMITED,IID000000002188446,HONG KONG
944,Xiaomi Corp,IID000000002845042,CHINA
945,Yangtze Optical Fibre and Cable Joint Stock Ltd Co,IID000000002708820,CHINA
946,Yealink Network Technology Co Ltd,IID000000002801040,CHINA
947,ZTE Corporation,IID000000002190270,CHINA
948,APT SATELLITE HOLDINGS LIMITED,IID000000002140296,CHINA
949,China Mobile Limited,IID000000002133312,CHINA
950,CHINA TELECOM CORPORATION LIMITED,IID000000002161892,CHINA
951,China Tower Corporation Limited,IID000000002864484,CHINA
952,CHINA UNICOM (HONG KONG) LIMITED,IID000000002141460,CHINA
953,China United Network Communications Limited,IID000000002138271,CHINA
954,CITIC Telecom International Holdings Limited,IID000000002140936,HONG KONG
955,HKBN LTD.,IID000000002725611,HONG KONG
956,HKT Trust and HKT Limited,IID000000002632361,HONG KONG
957,HUTCHISON TELECOMMUNICATIONS HONG KONG HOLDINGS LIMITED,IID000000002398099,HONG KONG
958,PCCW LIMITED,IID000000002140227,HONG KONG
959,SMARTONE TELECOMMUNICATIONS HOLDINGS LIMITED,IID000000002133085,HONG KONG
960,361 DEGREES INTERNATIONAL LIMITED,IID000000002402096,CHINA
961,ANTA SPORTS PRODUCTS LIMITED,IID000000002132728,CHINA
962,BEST PACIFIC INTERNATIONAL HOLDINGS LIMITED,IID000000002697178,CHINA
963,BOSIDENG INTERNATIONAL HOLDINGS LIMITED,IID000000002132906,CHINA
964,"CHINA DONGXIANG (GROUP) CO., LTD.",IID000000002149525,CHINA
965,CHINA LILANG LIMITED,IID000000002452606,CHINA
966,Chow Sang Sang Holdings International Ltd,IID000000002161974,HONG KONG
967,CITYCHAMP WATCH & JEWELLERY GROUP LIMITED,IID000000002132319,CHINA
968,Cosmo Lady (China) Holdings Co Ltd,IID000000002703920,CHINA
969,Crystal International Group Ltd,IID000000002820120,HONG KONG
970,Global Brands Group Holding Ltd,IID000000002705892,HONG KONG
971,"HLA CORP., LTD.",IID000000002141796,CHINA
972,JNBY Design Ltd,IID000000002770241,CHINA
973,"Lao Feng Xiang Co., Ltd.",IID000000002133907,CHINA
974,LI & FUNG LIMITED,IID000000002124807,HONG KONG
975,Li Ning Co Ltd,IID000000002173757,CHINA
976,"LU THAI TEXTILE CO.,LTD",IID000000002174099,CHINA
977,"NanJi E-Commerce Co., LTD",IID000000002171908,CHINA
978,PACIFIC TEXTILES HOLDINGS LIMITED,IID000000002132732,HONG KONG
979,Regina Miracle International (Holdings) Ltd,IID000000002744364,HONG KONG
980,SHENZHOU INTERNATIONAL GROUP HOLDINGS LIMITED,IID000000002183482,CHINA
981,TEXHONG TEXTILE GROUP LIMITED,IID000000002186667,CHINA
982,TEXWINCA HOLDINGS LIMITED,IID000000002133086,HONG KONG
983,WEIQIAO TEXTILE COMPANY LIMITED,IID000000002189397,CHINA
984,XTEP INTERNATIONAL HOLDINGS LIMITED,IID000000002286045,CHINA
985,YUE YUEN INDUSTRIAL (HOLDINGS) LIMITED,IID000000002149753,HONG KONG
986,Zhejiang Semir Garment Co Ltd,IID000000002612798,CHINA
987,BOC AVIATION LIMITED,IID000000002237940,CHINA
988,CHINA AIRCRAFT LEASING GROUP HOLDINGS LIMITED,IID000000002705206,CHINA
989,CITIC RESOURCES HOLDINGS LIMITED,IID000000002160573,CHINA
990,CWT International Limited,IID000000002129667,CHINA
991,HC GROUP INC.,IID000000002124330,CHINA
992,Shougang Concord International Enterprises Company Limited,IID000000002183578,CHINA
993,"Wuchan Zhongda Group Co., Ltd.",IID000000002190445,CHINA
994,XIAMEN C&D INC.,IID000000002189911,CHINA
995,Anhui Expressway Company Limited,IID000000002141372,CHINA
996,Beijing Capital International Airport Company Limited,IID000000002149108,CHINA
997,China Merchants Port Holdings Company Limited,IID000000002148752,CHINA
998,"COSCO SHIPPING INTERNATIONAL (HONGKONG) CO.,LTD.",IID000000002124153,CHINA
999,COSCO SHIPPING Ports Limited,IID000000002150265,CHINA
1000,Dalian Port (PDA) Company Limited,IID000000002163601,CHINA
1001,Guangzhou Baiyun International Airport Company Limited,IID000000002151564,CHINA
1002,HOPEWELL HIGHWAY INFRASTRUCTURE LIMITED,IID000000002169558,CHINA
1003,Jiangsu Expressway Company Limited,IID000000002148764,CHINA
1004,Ningbo Zhoushan Port Company Limited,IID000000002599378,CHINA
1005,"Qingdao Port International Co., Ltd.",IID000000002699966,CHINA
1006,"Shanghai International Airport Co., Ltd.",IID000000002130083,CHINA
1007,"Shanghai International Port (Group) Co., Ltd.",IID000000002155067,CHINA
1008,Shenzhen Expressway Company Limited,IID000000002183451,CHINA
1009,SHENZHEN INTERNATIONAL HOLDINGS LIMITED,IID000000002148753,CHINA
1010,Sichuan Expressway Company Limited,IID000000002123768,CHINA
1011,"TANGSHAN PORT GROUP CO.,LTD.",IID000000002593334,CHINA
1012,"Tianjin Port Co., Ltd.",IID000000002453512,CHINA
1013,TIANJIN PORT DEVELOPMENT HOLDINGS LIMITED,IID000000002186854,CHINA
1014,"XIAMEN INTERNATIONAL PORT CO., LTD.",IID000000002154020,CHINA
1015,Yuexiu Transport infrastructure Limited,IID000000002140893,CHINA
1016,"ZHEJIANG EXPRESSWAY CO., LTD.",IID000000002132233,CHINA
1017,"BEIJING CAPITAL CO., LTD",IID000000002125289,CHINA
1018,BEIJING ENTERPRISES HOLDINGS LIMITED,IID000000002124801,CHINA
1019,BEIJING ENTERPRISES WATER GROUP LIMITED,IID000000002183319,CHINA
1020,Beijing Gas Blue Sky Holdings Limited,IID000000002150884,CHINA
1021,"Beijing Jingneng Clean Energy Co., Limited",IID000000002622826,CHINA
1022,Canvest Environmental Protection Group Co Ltd,IID000000002718542,CHINA
1023,"CGN NEW ENERGY HOLDINGS CO., LTD.",IID000000002710899,CHINA
1024,"CGN Power Co., Ltd.",IID000000002707289,CHINA
1025,"Chengdu Xingrong Environment Co., Ltd.",IID000000002159837,CHINA
1026,"China Datang Corporation Renewable Power Co., Limited",IID000000002606439,CHINA
1027,China Everbright Greentech Ltd,IID000000002768063,CHINA
1028,China Everbright Water Limited,IID000000002140492,CHINA
1029,CHINA GAS HOLDINGS LIMITED,IID000000002141285,CHINA
1030,CHINA LONGYUAN POWER GROUP CORPORATION LIMITED,IID000000002572530,CHINA
1031,"China National Nuclear Power Co., Ltd",IID000000002412224,CHINA
1032,CHINA OIL AND GAS GROUP LIMITED,IID000000002124813,CHINA
1033,CHINA POWER CLEAN ENERGY DEVELOPMENT COMPANY LIMITED,IID000000002813382,CHINA
1034,China Power International Development Limited,IID000000002149390,CHINA
1035,CHINA RESOURCES GAS GROUP LIMITED,IID000000002133562,CHINA
1036,CHINA RESOURCES POWER HOLDINGS COMPANY LIMITED,IID000000002161864,CHINA
1037,China Three Gorges Corporation,IID000000002239911,
1038,CHINA TIAN LUN GAS HOLDINGS LIMITED,IID000000002603289,CHINA
1039,CHINA WATER AFFAIRS GROUP LIMITED,IID000000002161901,CHINA
1040,"China Yangtze Power Co., Ltd.",IID000000002150754,CHINA
1041,CK INFRASTRUCTURE HOLDINGS LIMITED,IID000000002150117,HONG KONG
1042,CLP HOLDINGS LIMITED,IID000000002160592,HONG KONG
1043,CONCORD NEW ENERGY GROUP LIMITED,IID000000002161904,CHINA
1044,"Datang International Power Generation Co., Ltd.",IID000000002163715,CHINA
1045,ENN ENERGY HOLDINGS LIMITED,IID000000002189928,CHINA
1046,GCL New Energy Holdings Limited,IID000000002182570,CHINA
1047,"GD POWER DEVELOPMENT CO., LTD.",IID000000002167196,CHINA
1048,"GUANGDONG ELECTRIC POWER DEVELOPMENT CO., LTD",IID000000002151620,CHINA
1049,GUANGDONG INVESTMENT LIMITED,IID000000002143002,CHINA
1050,HK ELECTRIC INVESTMENTS LIMITED,IID000000002685016,HONG KONG
1051,Huadian Energy Company Limited,IID000000002126635,CHINA
1052,Huadian Fuxin Energy Corporation Limited,IID000000002647954,CHINA
1053,Huadian Power International Corporation Limited,IID000000002124383,CHINA
1054,"HUANENG POWER INTERNATIONAL, INC.",IID000000002125016,CHINA
1055,HUANENG RENEWABLES CORPORATION LIMITED,IID000000002606323,CHINA
1056,"Hubei Energy Group Co., Ltd.",IID000000002169694,CHINA
1057,Inner Mongolia Mengdian Huaneng Thermal Power Corporation Limited,IID000000002143262,CHINA
1058,KUNLUN ENERGY COMPANY LIMITED,IID000000002160624,CHINA
1059,Panda Green Energy Group Limited,IID000000002151530,CHINA
1060,Power Assets Holdings Limited,IID000000002123735,HONG KONG
1061,"SDIC Power Holdings Co., Ltd.",IID000000002151755,CHINA
1062,SHANGHAI ELECTRIC POWER COMPANY LIMITED,IID000000002130090,CHINA
1063,Shenergy Company Limited,IID000000002134938,CHINA
1064,"Shenzhen Energy Group Co., Ltd.",IID000000002147120,CHINA
1065,"SICHUAN CHUANTOU ENERGY CO., LTD.",IID000000002183654,CHINA
1066,THE HONG KONG AND CHINA GAS COMPANY LIMITED,IID000000002169542,HONG KONG
1067,TIANJIN DEVELOPMENT HOLDINGS LIMITED,IID000000002186847,CHINA
1068,TOWNGAS CHINA COMPANY LIMITED,IID000000002187175,CHINA
1069,"Zhejiang Zheneng Electric Power CO., LTD",IID000000002683204,CHINA
1070,CHINA STATE CONSTRUCTION FINANCE (CAYMAN) I LIMITED,IID000000002661220,CHINA
1071,CK Hutchison International (19) Limited,IID000000002953269,HONG KONG
1072,Guotai Junan Holdings Limited,IID000000002753791,CHINA
1073,Sino-Ocean Land Treasure Iv Limited,IID000000002864127,CHINA
1074,SUNRISE (CAYMAN) LIMITED,IID000000002950645,CHINA
1075,YUEXIU REIT MTN COMPANY LIMITED,IID000000002665028,CHINA